medecin_id,nom_medecin,service_medical
1,Lewes Spurge,Oncologie
2,Gussie Hathwood,Cardiologie
3,Ulric Recher,Cardiologie
4,Eula Duckels,Oncologie
5,Ruddy Elphee,Oncologie
6,Meggy Petris,Pediatrie
7,Hershel Vannet,Pediatrie
8,Grove Petera,Oncologie
9,Saleem Grundey,Neurologie
10,Brenden Leblanc,Neurologie
11,Bradford Flather,Cardiologie
12,Reagan Breitler,Cardiologie
13,Torrey von Grollmann,Neurologie
14,Glory Hutton,Pediatrie
15,Elisabetta Speir,Oncologie
16,Coraline Casol,Cardiologie
17,Neron Kensall,Cardiologie
18,Florentia Braben,Cardiologie
19,Ileane Kach,Pediatrie
20,Aristotle Mailes,Oncologie
21,Alfy Brome,Pediatrie
22,Dru Kohrsen,Cardiologie
23,Carney Caudrelier,Pediatrie
24,Mariann Gosson,Oncologie
25,Kelsy Guiton,Neurologie
26,Dorris Dutt,Cardiologie
27,Shayne Josilevich,Cardiologie
28,Halie Rewbottom,Neurologie
29,Travis Blyden,Pediatrie
30,Fiorenze Findlow,Cardiologie
31,Chalmers Emeny,Neurologie
32,Timothea Gethouse,Cardiologie
33,Beryle Sessuns,Oncologie
34,Alejandro Fairholme,Pediatrie
35,Batsheva Rappoport,Oncologie
36,Felita Abrahamovitz,Neurologie
37,Ellswerth Hayball,Neurologie
38,Vilma Hallihan,Neurologie
39,Dasya Strauss,Oncologie
40,Nelly Quigg,Oncologie
41,Weston Molyneux,Cardiologie
42,Sondra Corrin,Cardiologie
43,Idelle Frere,Oncologie
44,Samara Coon,Neurologie
45,Lizbeth Seymour,Oncologie
46,Bryce Shmyr,Oncologie
47,Tiler Tofanelli,Oncologie
48,Dennie Martinson,Cardiologie
49,Dodie Blanko,Neurologie
50,Chaddy Craxford,Pediatrie
51,Blaine Tritton,Pediatrie
52,Candy Knaggs,Neurologie
53,Magnum Kerswell,Cardiologie
54,Archibaldo Toxell,Pediatrie
55,Rosaline Montague,Cardiologie
56,Ophelie Menci,Neurologie
57,Sampson Kleinsmuntz,Cardiologie
58,Dag Shiliton,Pediatrie
59,Jere Stenner,Oncologie
60,Mikaela Seyler,Neurologie
61,Berkie McBrearty,Oncologie
62,Genia Farbrother,Cardiologie
63,Elset Neate,Cardiologie
64,Wallas Kinghorn,Oncologie
65,Valry Ferrand,Cardiologie
66,Sharl Bediss,Pediatrie
67,Smitty Aitkenhead,Oncologie
68,Ira Wendover,Cardiologie
69,Rosalyn Fordy,Oncologie
70,Marney Ovenden,Oncologie
71,Rutherford Balleine,Oncologie
72,Teodoor Jope,Pediatrie
73,Shayne Flecknell,Pediatrie
74,Allison Hundy,Oncologie
75,Farah Habbergham,Oncologie
76,Salomi Orfeur,Cardiologie
77,Garwood Garret,Oncologie
78,Mord Mineghelli,Pediatrie
79,Winny Lennox,Cardiologie
80,Griff Proschke,Neurologie
81,Carlota Gregr,Pediatrie
82,Eben Swynfen,Oncologie
83,Katharyn Custed,Oncologie
84,Cy Chappelow,Pediatrie
85,Katharine Gillions,Oncologie
86,Irwin Pengelley,Neurologie
87,Archer Beddow,Neurologie
88,Cloe Van Daalen,Oncologie
89,Marielle Tunnicliffe,Cardiologie
90,Fiann Thorburn,Pediatrie
91,Jessalyn Frenchum,Oncologie
92,Trevar Wordley,Pediatrie
93,Janith O'Dunniom,Pediatrie
94,Phylis Mattessen,Cardiologie
95,Birgitta Rougier,Oncologie
96,Klarrisa Giacomuzzi,Oncologie
97,Doll Munehay,Oncologie
98,Perry Pawlyn,Cardiologie
99,Katrinka Bogue,Pediatrie
100,Maryann Salerno,Neurologie
101,Marcelline Cavalier,Pediatrie
102,Vinni Hrinchishin,Pediatrie
103,Jayme Greeveson,Neurologie
104,Concordia Vondracek,Pediatrie
105,Sile Abrahami,Oncologie
106,Teodorico Rastall,Oncologie
107,Jacquetta Crowth,Neurologie
108,Dillie Yosselevitch,Neurologie
109,Chuck Bignold,Oncologie
110,Cecilius Nutman,Neurologie
111,Truda Seager,Cardiologie
112,Gus Lockhead,Cardiologie
113,Malchy Baldrick,Oncologie
114,Candra Caunt,Pediatrie
115,Mufinella McCarron,Pediatrie
116,Loutitia Ewebank,Cardiologie
117,Marsiella Standall,Pediatrie
118,Shawn Kubyszek,Oncologie
119,Ives Braunds,Pediatrie
120,Zebedee John,Pediatrie
121,Milena Reddick,Cardiologie
122,Winona Nelthropp,Cardiologie
123,Loleta Grissett,Pediatrie
124,Cristobal Gurley,Pediatrie
125,Vern Dulwich,Cardiologie
126,Caryl Manneville,Pediatrie
127,Barrie Jerschke,Oncologie
128,Christine Quimby,Pediatrie
129,Bel Engledow,Neurologie
130,Faulkner Coston,Pediatrie
131,Jonis Frake,Neurologie
132,Clemmie Willimott,Oncologie
133,Stuart Dalgety,Neurologie
134,Emlyn Vial,Pediatrie
135,Philbert Rampley,Pediatrie
136,Marlon Poulglais,Cardiologie
137,Merv Ickeringill,Pediatrie
138,Penn Bassano,Cardiologie
139,Gardner Saddleton,Oncologie
140,Vi Jelliman,Oncologie
141,Natalina Leil,Cardiologie
142,Blancha Cartmale,Cardiologie
143,Dav Denys,Pediatrie
144,Everett Showering,Neurologie
145,Bride Bunny,Neurologie
146,Shaylah Hillam,Pediatrie
147,Maurice Chinnock,Pediatrie
148,Shoshana Cridlan,Oncologie
149,Darby De Roeck,Pediatrie
150,Mia Quimby,Cardiologie
151,Sammy Bernot,Cardiologie
152,Christin Tydd,Cardiologie
153,Wit Greaves,Oncologie
154,Innis Crippin,Pediatrie
155,Liz Duckwith,Cardiologie
156,Carlin Martine,Oncologie
157,Bernarr Binton,Pediatrie
158,Catha Skuce,Cardiologie
159,Erastus Mehew,Cardiologie
160,Myranda Donovan,Cardiologie
161,Samuele Palser,Pediatrie
162,Tricia Mahedy,Pediatrie
163,Faith Pennazzi,Cardiologie
164,Ariel Bowley,Cardiologie
165,Cherice Finding,Pediatrie
166,Eugine Salla,Cardiologie
167,Aloysia Dunphy,Neurologie
168,Herb Gorman,Pediatrie
169,Hebert Dominy,Cardiologie
170,Gale Hatch,Pediatrie
171,Nanon Asp,Pediatrie
172,Linnea Lymer,Cardiologie
173,Issi Chaperling,Cardiologie
174,Willard Bellwood,Pediatrie
175,Daphna Seers,Cardiologie
176,Randi Basnett,Cardiologie
177,Roseline Borgnol,Neurologie
178,Afton Lambrook,Cardiologie
179,Nannette Ranklin,Oncologie
180,Haslett Sykes,Oncologie
181,Archibaldo Rohlf,Neurologie
182,Teddie Vatcher,Pediatrie
183,Melonie Rossey,Oncologie
184,Elise Canario,Neurologie
185,Karlene Haill,Cardiologie
186,Alair Bielby,Pediatrie
187,Corliss Althrop,Neurologie
188,Waly Huzzey,Oncologie
189,Quintana Cartner,Cardiologie
190,Vassili Castri,Oncologie
191,Myrah Houldey,Neurologie
192,Garth Momford,Pediatrie
193,Ingrid Crafter,Neurologie
194,Elene Adamsky,Pediatrie
195,Mick Renols,Cardiologie
196,Margo Rogez,Cardiologie
197,Henderson Riddiford,Neurologie
198,Erna Stickings,Cardiologie
199,Tina Axby,Pediatrie
200,Mozelle Radeliffe,Oncologie
201,Lonny Wanderschek,Neurologie
202,Rickert Dawkins,Cardiologie
203,Diane-marie McClarence,Oncologie
204,Loralee Foran,Pediatrie
205,Sherry Toynbee,Oncologie
206,Garner Napthine,Neurologie
207,Melly Chillingsworth,Neurologie
208,Ola Simonnot,Pediatrie
209,Renie Wingeatt,Pediatrie
210,Zondra Meyer,Neurologie
211,Izak Canto,Oncologie
212,Olimpia Beeswing,Cardiologie
213,Martha Aynsley,Neurologie
214,Ivory Curthoys,Pediatrie
215,Ernaline Golda,Pediatrie
216,Elset Breagan,Oncologie
217,Kori Mattes,Neurologie
218,Vic Alyutin,Pediatrie
219,Cass Fairholm,Oncologie
220,Johna Waycot,Neurologie
221,Ardenia Umpleby,Oncologie
222,Leodora Sallier,Neurologie
223,Sissie Filer,Pediatrie
224,Waneta Tee,Oncologie
225,Katine Old,Neurologie
226,Harman Pering,Neurologie
227,Brooks Duchatel,Cardiologie
228,Coraline Grisenthwaite,Cardiologie
229,Egon Grishagin,Neurologie
230,Heidie Frisel,Oncologie
231,Zaria Evins,Oncologie
232,Luisa Welman,Pediatrie
233,Jourdain Finnigan,Pediatrie
234,Rance Beranek,Neurologie
235,Neal Felce,Cardiologie
236,Inez D'eathe,Neurologie
237,Hector Whitehair,Neurologie
238,Annabella Cafe,Oncologie
239,Christophe Jenno,Pediatrie
240,Patty Ansty,Cardiologie
241,Babbie De Witt,Oncologie
242,Maurise Loads,Pediatrie
243,Smith Caughan,Oncologie
244,Kit Devin,Pediatrie
245,Juliet Probetts,Neurologie
246,Currie Aldersea,Pediatrie
247,Kevin Agglione,Oncologie
248,Dusty Germain,Neurologie
249,Wendall Petrello,Cardiologie
250,Jeanette Mullis,Neurologie
251,Geno Malcolmson,Cardiologie
252,Antonina Dumbare,Pediatrie
253,Eli O' Hanvey,Cardiologie
254,Sandy Newell,Oncologie
255,Gusty Goby,Cardiologie
256,Tersina Sinton,Cardiologie
257,Louella Fosdyke,Neurologie
258,Major Ninnis,Cardiologie
259,Niels Bowmaker,Oncologie
260,Ham Filippov,Cardiologie
261,Jacquenette Aries,Cardiologie
262,Jorge Atlay,Pediatrie
263,Giselbert Crone,Neurologie
264,Rudyard Bynert,Oncologie
265,Dyann McKern,Cardiologie
266,Mayer Killcross,Pediatrie
267,Noble Shotton,Neurologie
268,Lindon Edrich,Pediatrie
269,Rita Tatford,Neurologie
270,Ly Minchi,Cardiologie
271,Correna Snook,Oncologie
272,Avis Coskerry,Pediatrie
273,Gus Essam,Neurologie
274,Celeste Revie,Pediatrie
275,Darla Scamaden,Cardiologie
276,Paige Stirman,Neurologie
277,Lanni Mosedall,Pediatrie
278,Daisi Brosch,Pediatrie
279,Paxon Tomaino,Pediatrie
280,Kenny Nana,Neurologie
281,Merrill Aylett,Cardiologie
282,Dulcinea Corlett,Cardiologie
283,Merilyn Wavish,Oncologie
284,Samaria Oseland,Oncologie
285,Cherlyn Umney,Pediatrie
286,Dorie Breacher,Neurologie
287,Phillipp Sofe,Pediatrie
288,Sergent Sher,Pediatrie
289,Jacinthe Bolliver,Oncologie
290,Merrilee Dauber,Neurologie
291,Hali Dandison,Oncologie
292,Toiboid Couronne,Neurologie
293,Tannie Kester,Oncologie
294,Gianni Tilliards,Oncologie
295,Verney Disney,Oncologie
296,Jennine Manston,Neurologie
297,Gabrila Case,Neurologie
298,Tiertza Birkby,Neurologie
299,Rania Starkings,Oncologie
300,Marja Selbach,Pediatrie
301,Marietta Coneron,Oncologie
302,Martainn Bierling,Pediatrie
303,Marrissa Josofovitz,Pediatrie
304,Ethelyn Davson,Cardiologie
305,Edik Mansbridge,Oncologie
306,Cesaro Bracey,Cardiologie
307,Myra Broadfield,Oncologie
308,Benito Cowperthwaite,Pediatrie
309,Vaughan Spurman,Pediatrie
310,Nadia Lait,Neurologie
311,Dennison Solano,Cardiologie
312,Shaine MacDowal,Cardiologie
313,Keriann Bamforth,Neurologie
314,Lara Konrad,Neurologie
315,Sam Loughman,Neurologie
316,Georgie Langfield,Oncologie
317,Danya Seif,Cardiologie
318,Carin Jones,Oncologie
319,Orelie Alelsandrovich,Oncologie
320,Moll Dyneley,Pediatrie
321,Vikki Sahnow,Neurologie
322,Mirabel Yearsley,Neurologie
323,Bendite Philippard,Pediatrie
324,Abbie Sandon,Cardiologie
325,Udale Walentynowicz,Neurologie
326,Waly Ivshin,Neurologie
327,Marietta Mayling,Neurologie
328,Mellisa Wear,Pediatrie
329,Cornie Cranfield,Pediatrie
330,Fraze Surplice,Neurologie
331,Nial Zanicchelli,Pediatrie
332,Ertha Boarder,Cardiologie
333,Trudie Wooller,Neurologie
334,Clint Itscowicz,Oncologie
335,Bengt Buckett,Pediatrie
336,Judas Ketts,Pediatrie
337,Janeczka Dickons,Cardiologie
338,Evvie Fernley,Oncologie
339,Duffy Nother,Oncologie
340,Kaile Cloonan,Neurologie
341,Giorgio Currier,Cardiologie
342,Lilllie Parffrey,Cardiologie
343,Jen Garwell,Oncologie
344,Eddy Valance,Cardiologie
345,Louie Dyball,Neurologie
346,Jasmina Giraudat,Oncologie
347,Caresse Clarae,Pediatrie
348,Shea Faichney,Neurologie
349,Brew Obin,Cardiologie
350,Tomkin McMackin,Cardiologie
351,Catha MacGregor,Neurologie
352,Myer Eastam,Oncologie
353,Ola Hanford,Pediatrie
354,Rolando Marson,Neurologie
355,Jacinthe Howsden,Oncologie
356,Alan Ness,Oncologie
357,Biron Rutgers,Pediatrie
358,Robbie Dallimore,Neurologie
359,Ernesta Masters,Pediatrie
360,Ted Junkison,Pediatrie
361,Phillis Clemon,Oncologie
362,D'arcy Pargent,Cardiologie
363,Alvina Ragborne,Cardiologie
364,Jeanie Sorey,Neurologie
365,Loree Izsak,Cardiologie
366,Pepi Whalebelly,Oncologie
367,Jude Coulsen,Cardiologie
368,Manny Tenney,Pediatrie
369,Zacherie Seckington,Pediatrie
370,Dena Calderwood,Neurologie
371,Barbe Spracklin,Oncologie
372,Jonas Cavozzi,Neurologie
373,Rebe Matous,Neurologie
374,Glenna Kerridge,Pediatrie
375,Aline Baldree,Pediatrie
376,Aggy Fost,Cardiologie
377,Stephanie Bretherton,Pediatrie
378,Hallsy Huyge,Oncologie
379,Carly Beddard,Oncologie
380,Alexis Gartshore,Pediatrie
381,Eugenia Lesurf,Pediatrie
382,Bourke Hattigan,Pediatrie
383,Benita Fidgett,Oncologie
384,Stormie Pencot,Oncologie
385,Giustino Steeden,Neurologie
386,Orlando Poser,Pediatrie
387,Leora Flattman,Pediatrie
388,Karisa Turneaux,Pediatrie
389,Nil Hollington,Oncologie
390,Audy Bursell,Cardiologie
391,Erl Maceur,Cardiologie
392,Mikel Sutherington,Pediatrie
393,Jaynell Maunton,Neurologie
394,Kristine Michael,Pediatrie
395,Carrol Weedon,Cardiologie
396,Chiarra Stoakes,Neurologie
397,Padgett Snook,Pediatrie
398,Isabella McPeake,Neurologie
399,Missie Whitebread,Oncologie
400,Finn Calderon,Cardiologie
401,Caresse Penhaligon,Pediatrie
402,Eloisa Blackley,Oncologie
403,Celeste Bain,Pediatrie
404,Tome Pestell,Cardiologie
405,Fairlie Benzie,Neurologie
406,Gilly Rizzotto,Oncologie
407,Ginger Huerta,Neurologie
408,Elvira Dominiak,Cardiologie
409,Corenda Bartholat,Neurologie
410,Aurlie Oxlee,Neurologie
411,Ximenez Shevlan,Oncologie
412,Estell Whetnall,Neurologie
413,Cheryl Iorio,Cardiologie
414,Kerrill Dacks,Neurologie
415,Bud McQuirter,Pediatrie
416,Wayland Bardwall,Neurologie
417,Felicio Ashburne,Pediatrie
418,Brennan Lyons,Oncologie
419,Leia Stodd,Pediatrie
420,King Delleschi,Neurologie
421,Annmaria Somerbell,Pediatrie
422,Cecilius Sambedge,Oncologie
423,Dix Gready,Oncologie
424,Gertruda Agutter,Cardiologie
425,Von Smelley,Pediatrie
426,Oliy Maydway,Oncologie
427,Prescott Hanscome,Pediatrie
428,Noe Leadbeatter,Pediatrie
429,Cristabel Twaite,Pediatrie
430,Amity Spelling,Neurologie
431,Nikaniki Pierton,Oncologie
432,Angelle Slide,Pediatrie
433,Quent Boagey,Oncologie
434,Linzy Ascraft,Oncologie
435,Philippa Skae,Pediatrie
436,Jarred Riches,Cardiologie
437,Retha Monnery,Cardiologie
438,Claretta Wayne,Cardiologie
439,Lonny Pitrasso,Neurologie
440,Yorgo Wollard,Pediatrie
441,Dame Measures,Oncologie
442,Mavis Fortye,Neurologie
443,Jay Joubert,Pediatrie
444,Trudey Dulinty,Pediatrie
445,Jeanelle Chicchelli,Pediatrie
446,Marcelo Everex,Pediatrie
447,Freedman Everingham,Pediatrie
448,Yuri Athey,Neurologie
449,Truman Crasswell,Cardiologie
450,Holly Daftor,Oncologie
451,Findlay Brignall,Neurologie
452,Adoree Beuscher,Neurologie
453,Gary Medcalfe,Pediatrie
454,Roanne Monelle,Pediatrie
455,Marya Woodcock,Oncologie
456,Yehudi Sextie,Cardiologie
457,Kellie Gyse,Pediatrie
458,Ewell Greenstreet,Cardiologie
459,Valma Fernandes,Oncologie
460,Adrianna Stearnes,Cardiologie
461,Donnamarie Khomich,Neurologie
462,Melanie Kemston,Pediatrie
463,Lisha Binks,Pediatrie
464,Rodney Bowskill,Cardiologie
465,Mildrid Merigeau,Neurologie
466,Nicola Djorvic,Pediatrie
467,Grannie Lohrensen,Oncologie
468,Viv Begley,Cardiologie
469,Courtnay Petasch,Neurologie
470,Shel Celli,Oncologie
471,Abdul Sumner,Pediatrie
472,Martie Ruddiman,Oncologie
473,Maxy Oldknow,Neurologie
474,Bonnibelle Fevers,Oncologie
475,Noland Alcalde,Oncologie
476,Trace Stammer,Oncologie
477,Hanni Plak,Pediatrie
478,Adoree Veronique,Neurologie
479,Almire Beck,Neurologie
480,Byrle Gawke,Neurologie
481,Rick Sinden,Oncologie
482,Major Osban,Pediatrie
483,Benedict McIsaac,Neurologie
484,Ardine Hames,Cardiologie
485,Kath Madgett,Pediatrie
486,Stanwood Oulner,Pediatrie
487,Loralie Lainton,Neurologie
488,Zorine Syratt,Pediatrie
489,Clemmy Say,Neurologie
490,Ivett Cussins,Oncologie
491,Rene Clopton,Oncologie
492,Madalena Featenby,Neurologie
493,Honor MacGilrewy,Pediatrie
494,Rodrigo Purkess,Pediatrie
495,Audrie Aizik,Neurologie
496,Olva Domniney,Neurologie
497,Alleyn Cicci,Neurologie
498,Kari Feaveryear,Neurologie
499,Mord Brigstock,Pediatrie
500,Pen Drescher,Neurologie
501,Hedy Flori,Oncologie
502,Keenan Maasz,Oncologie
503,Debi Cossans,Neurologie
504,Anthia Spinola,Cardiologie
505,Wolfy Lawson,Neurologie
506,Roobbie Groomebridge,Oncologie
507,Isiahi Bellenger,Neurologie
508,Davie Skett,Pediatrie
509,Lorena Lighton,Neurologie
510,Theodor Dorrington,Oncologie
511,Kendrick Branwhite,Neurologie
512,Adolpho Swiers,Oncologie
513,Barb Di Bartolommeo,Pediatrie
514,Ellery Nesbit,Neurologie
515,Netta Fulun,Cardiologie
516,Imojean Speares,Oncologie
517,Felicdad Tett,Pediatrie
518,Giffy Guerreru,Pediatrie
519,Justinn Edowes,Cardiologie
520,Papagena Essel,Cardiologie
521,Brynna Haddrell,Cardiologie
522,Briana Lemmens,Pediatrie
523,Bob Ibel,Oncologie
524,Sibilla Kezar,Cardiologie
525,Kliment Kitchingman,Pediatrie
526,Lexi Monsey,Pediatrie
527,Rurik Poveleye,Oncologie
528,Reggie Noblett,Cardiologie
529,Caroljean Lunam,Pediatrie
530,Carla Goldhawk,Neurologie
531,Amanda Bowhay,Cardiologie
532,Sabina Fansy,Neurologie
533,Matty Gommey,Cardiologie
534,Sammie Rahlof,Cardiologie
535,Melesa Amner,Neurologie
536,Noami Frean,Neurologie
537,Maybelle Lassell,Oncologie
538,Oberon Skelington,Neurologie
539,Claudie Terris,Pediatrie
540,Ky Franschini,Pediatrie
541,Jillene Ellerbeck,Cardiologie
542,Ingamar Tallant,Neurologie
543,Leopold Spaight,Neurologie
544,Carilyn Petrie,Cardiologie
545,Grove Testro,Cardiologie
546,Debera Kirtley,Pediatrie
547,Car Scandrett,Neurologie
548,Caroline Chase,Neurologie
549,Maridel Pittendreigh,Cardiologie
550,Claus Jeanneau,Cardiologie
551,Brien Loverock,Cardiologie
552,Ashton Jacobowits,Pediatrie
553,Torey Simononsky,Neurologie
554,Karim Tamplin,Cardiologie
555,Garnette Mabbett,Neurologie
556,Sallyanne Seman,Neurologie
557,Chip Eshmade,Pediatrie
558,Laurent Elldred,Neurologie
559,Cherie Fearnley,Cardiologie
560,Del Lafflina,Cardiologie
561,Frans Sirl,Pediatrie
562,Mauricio Corbould,Oncologie
563,Morty Halfacre,Pediatrie
564,Tedi Aulsford,Oncologie
565,Herculie Gardiner,Cardiologie
566,Weylin Epsley,Oncologie
567,Elizabeth Elphinston,Neurologie
568,Brenn Melby,Pediatrie
569,Caleb Stockney,Neurologie
570,Nicolette Lanmeid,Cardiologie
571,Penn D'Enrico,Cardiologie
572,Darrick Tammadge,Oncologie
573,Benjamin Danielsky,Pediatrie
574,Noby Connaughton,Cardiologie
575,Madelyn Connochie,Cardiologie
576,Katrina Creavan,Neurologie
577,Kora Tuckerman,Neurologie
578,Cindy Tabourier,Neurologie
579,Marius Vanderplas,Oncologie
580,Selena Gregh,Pediatrie
581,Abelard Letixier,Neurologie
582,Bronnie Grigoriscu,Neurologie
583,Benoit Lindenbluth,Pediatrie
584,Barbie Stollberg,Pediatrie
585,Helyn Swinnerton,Pediatrie
586,Dayna Lovie,Pediatrie
587,Netty Rooney,Oncologie
588,Randall Sillett,Neurologie
589,Carlie Arunowicz,Pediatrie
590,Eloise Episcopio,Cardiologie
591,Torie Rosenhaus,Pediatrie
592,Lorne Motto,Neurologie
593,Lyndell Rioch,Neurologie
594,Raynell Casado,Pediatrie
595,Pietro Minget,Oncologie
596,Clemente Killick,Cardiologie
597,Elroy Rudgley,Pediatrie
598,Nannie Telega,Cardiologie
599,Armstrong Stronough,Cardiologie
600,Marti Bartosinski,Pediatrie
601,Johanna Ebbotts,Neurologie
602,Ardene Suttaby,Cardiologie
603,Dorris De Lascy,Pediatrie
604,Janice Klassman,Cardiologie
605,Cleopatra Philips,Oncologie
606,Galvin Gilbert,Pediatrie
607,Barnebas Gatward,Pediatrie
608,Emiline Warbey,Oncologie
609,Margery Solly,Cardiologie
610,Burt Warcop,Oncologie
611,Stafford Weth,Neurologie
612,Alyosha Grigaut,Oncologie
613,Gill Erickssen,Cardiologie
614,Michael Raoult,Neurologie
615,Belicia Maly,Oncologie
616,Babs Jeyness,Oncologie
617,Gusti Gorringe,Cardiologie
618,Rozele Catmull,Cardiologie
619,Mead Colwill,Cardiologie
620,Cory Fronzek,Neurologie
621,Tabbatha Deverill,Pediatrie
622,Claresta McElree,Neurologie
623,Faustina Justis,Oncologie
624,Rudyard Kingh,Pediatrie
625,Christean Klimentyev,Oncologie
626,Oneida Wyper,Pediatrie
627,Wilfred Strothers,Pediatrie
628,Kerrie Norcliffe,Neurologie
629,Minnnie Stemson,Cardiologie
630,Shurlock Dancer,Neurologie
631,Henderson Vidloc,Pediatrie
632,Marv Risborough,Neurologie
633,Teresita Geraudel,Pediatrie
634,Else Tatteshall,Cardiologie
635,Idette Oakwell,Pediatrie
636,Fiann Pentecost,Neurologie
637,Laurie Stebbins,Oncologie
638,Brant Hesbrook,Cardiologie
639,Lotti Preuvost,Neurologie
640,Carry Pettersen,Oncologie
641,Novelia Pounder,Neurologie
642,Benedetta Kiellor,Oncologie
643,Ring Muskett,Oncologie
644,Oswald Molesworth,Cardiologie
645,Isacco Gostage,Oncologie
646,Thibaud Dewire,Oncologie
647,Greer Poizer,Neurologie
648,Cristabel Yukhnov,Neurologie
649,Cass Hockey,Pediatrie
650,Arnoldo Nesbit,Pediatrie
651,Jeth Elfitt,Cardiologie
652,Trever Ivanyushin,Cardiologie
653,Wenda Knaggs,Pediatrie
654,Chris Wallas,Pediatrie
655,Minerva Killeen,Oncologie
656,Adolf Raun,Cardiologie
657,Corby Fenimore,Cardiologie
658,Alanson Hannabus,Neurologie
659,Julina Gilley,Pediatrie
660,Uta Cogle,Neurologie
661,Jerald Seaward,Neurologie
662,Bran Wroe,Cardiologie
663,Orelie Savory,Neurologie
664,Carolee Gerriessen,Cardiologie
665,Gladi Spilsbury,Pediatrie
666,Rhonda Mulvey,Pediatrie
667,Tamarra Staresmeare,Cardiologie
668,Garnette Harbertson,Pediatrie
669,Nada Aked,Pediatrie
670,Juan Malafe,Pediatrie
671,Brigida Cagan,Pediatrie
672,Laurella Buse,Neurologie
673,Den MacCallester,Neurologie
674,Zacharie Rosenblad,Cardiologie
675,Michaela Gauntley,Cardiologie
676,Casandra Ayers,Pediatrie
677,Eachelle Billham,Neurologie
678,Mable Rollings,Neurologie
679,Hillel Schirak,Cardiologie
680,Emmalynne Ruspine,Pediatrie
681,Stanford Krolman,Cardiologie
682,Ahmed Flowitt,Pediatrie
683,Jarret Knowller,Cardiologie
684,Aldridge Holbury,Cardiologie
685,Reeba Rookes,Pediatrie
686,Gerome Ghirigori,Cardiologie
687,Marchelle Teliga,Cardiologie
688,Kay Rosborough,Cardiologie
689,Ashien Monahan,Pediatrie
690,Luciana Parlatt,Pediatrie
691,Titos Ouldcott,Pediatrie
692,Phip Halahan,Neurologie
693,Salmon Ensten,Oncologie
694,Elisabetta Shapcott,Cardiologie
695,Matthieu Darree,Cardiologie
696,Prince Alleburton,Oncologie
697,Zeb Mitchener,Cardiologie
698,Marylin Gallie,Pediatrie
699,Toinette Winchurst,Oncologie
700,Pamela Faires,Pediatrie
701,Annalee Penrith,Pediatrie
702,Paulina Cubbini,Neurologie
703,Marylin Jorgesen,Oncologie
704,Sibella Stobbs,Pediatrie
705,Taryn Astlett,Oncologie
706,Jock Burkin,Pediatrie
707,Jordan Stainton,Oncologie
708,Shannon Skipperbottom,Cardiologie
709,Wenonah Lonergan,Pediatrie
710,Granger Rowlin,Oncologie
711,Siegfried Davioud,Pediatrie
712,Orelie Bondley,Oncologie
713,Isaiah Lampke,Pediatrie
714,Hersh Killner,Cardiologie
715,Prissie Ebbage,Pediatrie
716,Melvyn Olexa,Neurologie
717,Giusto Tonkinson,Oncologie
718,Florri Towns,Pediatrie
719,Tilda Johnsey,Oncologie
720,Lani Rawne,Cardiologie
721,Arabella Nunn,Oncologie
722,Celestyn Sporrij,Neurologie
723,Ely Cawsby,Cardiologie
724,Oneida Edgeler,Neurologie
725,Quinta Goretti,Cardiologie
726,Ange Rebillard,Neurologie
727,Raviv Fedorchenko,Pediatrie
728,Pinchas Robak,Cardiologie
729,Lethia Wagner,Neurologie
730,Lil Elcoux,Oncologie
731,Johnathon Edmund,Cardiologie
732,Hurlee Hankinson,Neurologie
733,Emera Bahls,Pediatrie
734,Karl McLenahan,Cardiologie
735,Amara Coram,Oncologie
736,Mellisa Benasik,Cardiologie
737,Lola Gaddie,Cardiologie
738,Patten Foulds,Oncologie
739,Marja Dormer,Oncologie
740,Theda Moberley,Oncologie
741,Danni Pentony,Pediatrie
742,Corey Esch,Cardiologie
743,Karil Fishburn,Oncologie
744,Maurice Frizell,Oncologie
745,Lavina Spellsworth,Neurologie
746,Breanne Crilley,Neurologie
747,Ynes Grahl,Pediatrie
748,Hanson Galego,Oncologie
749,Roselle Neilus,Neurologie
750,Cleopatra Coil,Cardiologie
751,Sheba Kingsly,Oncologie
752,North Muffitt,Oncologie
753,Sofia Scramage,Pediatrie
754,Locke Cuniam,Oncologie
755,Alidia Grcic,Cardiologie
756,Sylvan Barthel,Pediatrie
757,Filippo Paddick,Oncologie
758,Tani Claw,Neurologie
759,Peggie Libermore,Neurologie
760,Darb Redbourn,Oncologie
761,Gwenore Simco,Pediatrie
762,Brig O'Feeny,Neurologie
763,Gabriele Figge,Pediatrie
764,Bran Shinn,Oncologie
765,Tristam Maciejewski,Neurologie
766,Merwin Bernardet,Pediatrie
767,Paule Rohlfs,Pediatrie
768,Yuri Burcombe,Pediatrie
769,Farrell Guion,Cardiologie
770,Sigrid Plait,Pediatrie
771,Rakel Gionettitti,Cardiologie
772,Britni Tracey,Oncologie
773,Julina Aylesbury,Neurologie
774,Hartwell Minchinton,Oncologie
775,Barthel Rabbet,Oncologie
776,Ethan Fredson,Oncologie
777,Parrnell Jeakins,Neurologie
778,Siegfried Greenside,Neurologie
779,Marylin Shew,Pediatrie
780,Lil Bilovsky,Neurologie
781,Raeann Berridge,Pediatrie
782,Ronny Morrel,Oncologie
783,Gnni Balasin,Oncologie
784,Zorine Tytcomb,Pediatrie
785,Egbert Demchen,Pediatrie
786,Nadean Colerick,Pediatrie
787,Rooney Wetherburn,Neurologie
788,Sherill Bilborough,Cardiologie
789,Ripley Aasaf,Neurologie
790,Aldous Cullity,Cardiologie
791,Emili Cuolahan,Neurologie
792,Theo Kemery,Cardiologie
793,Jobi Grishakov,Neurologie
794,Aviva Jakubovski,Cardiologie
795,Shelton Wasling,Oncologie
796,Julienne Fairhall,Oncologie
797,Murielle Abdon,Cardiologie
798,Brigit Bawles,Oncologie
799,Jarvis Brabant,Neurologie
800,Ermentrude Klass,Pediatrie
801,Emanuele Tuffey,Cardiologie
802,Park Tesyro,Oncologie
803,Cash Larenson,Oncologie
804,Jeri Kleen,Cardiologie
805,Clarinda Chatelet,Cardiologie
806,Joelle Fust,Pediatrie
807,Modesty Turfitt,Neurologie
808,Randie Toward,Oncologie
809,Manya Dukes,Neurologie
810,Berri Skaife,Oncologie
811,Moina Martinson,Neurologie
812,Fannie Bett,Neurologie
813,Dulciana Prosch,Neurologie
814,Kala Haibel,Cardiologie
815,Cathleen Pol,Oncologie
816,Fanya Goldstone,Oncologie
817,Barde Minucci,Neurologie
818,Kelsey Hackett,Neurologie
819,Harriet Cockson,Cardiologie
820,Terese Triebner,Cardiologie
821,Irwin Souch,Pediatrie
822,Chery Tomankiewicz,Oncologie
823,Flemming Healing,Cardiologie
824,Cherianne Gremane,Pediatrie
825,Dana Mullany,Oncologie
826,Christiane Batteson,Neurologie
827,Helsa Cracker,Cardiologie
828,Herculie Bartleet,Pediatrie
829,Stefania Crayke,Oncologie
830,Virgilio Bullon,Pediatrie
831,Jodee Do,Pediatrie
832,Ricca Hows,Oncologie
833,Tine Choppin,Pediatrie
834,Ebeneser Rosendall,Neurologie
835,Janeva Harradine,Pediatrie
836,Elbertina Jedrzejewsky,Cardiologie
837,Megen Goldston,Pediatrie
838,Marie-ann Slatten,Oncologie
839,Ronalda Bushby,Oncologie
840,Ben Hearnaman,Neurologie
841,Elsi Oakley,Cardiologie
842,Leta Viegas,Oncologie
843,Johnna MacPhee,Oncologie
844,Annelise Glassup,Oncologie
845,Yehudi Shuter,Cardiologie
846,Amy Dhennin,Cardiologie
847,Ardyce Domm,Neurologie
848,Obadias Adne,Neurologie
849,Jessey Kestian,Cardiologie
850,Myranda Robardey,Cardiologie
851,Margie Wolland,Cardiologie
852,Lexi Leuchars,Cardiologie
853,Laurene McGaugey,Pediatrie
854,Waite Camillo,Pediatrie
855,Matthaeus Proudman,Oncologie
856,Drew Prescot,Oncologie
857,Cayla Causey,Pediatrie
858,Bill Passe,Neurologie
859,Lenka Nosworthy,Oncologie
860,Oran Coot,Pediatrie
861,Danit Mulvaney,Cardiologie
862,Maurise Grzegorczyk,Oncologie
863,Booth Burles,Neurologie
864,Olvan Kollaschek,Oncologie
865,Lena Andreia,Neurologie
866,Maudie Gower,Cardiologie
867,Xena Felix,Cardiologie
868,Cecilla Piolli,Neurologie
869,Danella Pfaff,Neurologie
870,Nikaniki Zupo,Pediatrie
871,Vance Mossop,Oncologie
872,Shirlee Fransson,Oncologie
873,Morley Boot,Pediatrie
874,Illa Petriello,Cardiologie
875,Filmer Hussell,Neurologie
876,Garrot Timbrell,Cardiologie
877,Sayer Aizic,Cardiologie
878,Shirline Bevington,Oncologie
879,Dorine Arno,Cardiologie
880,Abbye Cattanach,Neurologie
881,Shana Yglesia,Pediatrie
882,Kennedy Attenburrow,Neurologie
883,Biron Filipychev,Pediatrie
884,Myrtia Wink,Neurologie
885,Peyter Mawditt,Pediatrie
886,Zita Hoodless,Cardiologie
887,Rickard Paddingdon,Pediatrie
888,Ardella Greydon,Oncologie
889,Dmitri Jillings,Oncologie
890,Stevy Larvin,Neurologie
891,Tanya Klazenga,Cardiologie
892,Stacia Rubinshtein,Pediatrie
893,Geri Wedlake,Cardiologie
894,Darn Collingham,Oncologie
895,Giulio Ilson,Cardiologie
896,Stormi McGinney,Neurologie
897,Libby Mewha,Neurologie
898,Theodoric Haestier,Cardiologie
899,Hamid Hawler,Neurologie
900,Corbett Chrystie,Cardiologie
901,Abdul Branni,Neurologie
902,Brody Rattery,Pediatrie
903,Kiley Francombe,Cardiologie
904,Malvin Van Vuuren,Pediatrie
905,Daveta Pimblett,Pediatrie
906,Leticia Vanyashin,Oncologie
907,Weber Wellbelove,Oncologie
908,Ruthann Baldocci,Pediatrie
909,Missy Schonfelder,Neurologie
910,Nappy Pittem,Neurologie
911,Lulu Hull,Pediatrie
912,Stevana Brewett,Oncologie
913,Celinda Sommerton,Neurologie
914,Travers McPhail,Neurologie
915,Charmaine Withinshaw,Cardiologie
916,Hart Gencke,Oncologie
917,Audry Sheward,Neurologie
918,Aimil Hynam,Neurologie
919,Earvin Broadley,Cardiologie
920,Jackelyn Tivnan,Cardiologie
921,Mandi Dobell,Oncologie
922,Glennie Worman,Pediatrie
923,Aile Bruneton,Oncologie
924,Cissy Pellman,Neurologie
925,Putnam Worthy,Oncologie
926,Norbert Bloyes,Neurologie
927,Viviene Hadwen,Neurologie
928,Yolane Burghall,Cardiologie
929,Keven Hurring,Pediatrie
930,Corinna Fedynski,Pediatrie
931,Nathaniel Patten,Oncologie
932,Oralie Tarburn,Cardiologie
933,Kalil Dew,Oncologie
934,Elinore Haig,Neurologie
935,Petronille Wellfare,Cardiologie
936,Redford Velez,Neurologie
937,Eadie Chrishop,Oncologie
938,Shane Purchon,Neurologie
939,Joellyn Klugel,Neurologie
940,Rees Geroldi,Pediatrie
941,Howey Leith-Harvey,Cardiologie
942,Layton Waterdrinker,Oncologie
943,Tony Borzoni,Neurologie
944,Creight Atherton,Pediatrie
945,Delores Cases,Oncologie
946,Marian Sture,Neurologie
947,Lauryn Lelliott,Pediatrie
948,Alexei Vivyan,Cardiologie
949,Roxanne Spiaggia,Pediatrie
950,Jared Wilford,Cardiologie
951,Charlie Minguet,Oncologie
952,Bearnard Bunclark,Neurologie
953,Decca Strutt,Neurologie
954,Reynold Lamlin,Pediatrie
955,Polly Pybus,Cardiologie
956,Tanya Howey,Pediatrie
957,Jason Dono,Pediatrie
958,Niven Scohier,Cardiologie
959,Aland McLese,Pediatrie
960,Hurleigh Logesdale,Pediatrie
961,Alford Barnet,Neurologie
962,Gilbertina Spinage,Cardiologie
963,Corina Pughsley,Pediatrie
964,Jenica Margeram,Cardiologie
965,Emera Cresswell,Cardiologie
966,Klara Subhan,Cardiologie
967,Bunnie Tindle,Cardiologie
968,Milo Tebbe,Neurologie
969,Jade Allden,Pediatrie
970,Carolyne Learoyde,Neurologie
971,Aridatha Almeida,Neurologie
972,Clarice Hecks,Cardiologie
973,Chantalle Marcombe,Pediatrie
974,Candra Skiplorne,Pediatrie
975,Andreana Allchorne,Pediatrie
976,Christoper Barnshaw,Pediatrie
977,Silvan Roscoe,Cardiologie
978,Melita Lanbertoni,Cardiologie
979,Lois Kempstone,Cardiologie
980,Angel Cregan,Neurologie
981,Valentine Littlechild,Cardiologie
982,Esdras Maseres,Cardiologie
983,Dorice Johnsee,Cardiologie
984,Betty Iannitti,Pediatrie
985,Lorne Cosens,Neurologie
986,Abagail Holborn,Neurologie
987,Lacey Allenby,Neurologie
988,Mitchel Burley,Neurologie
989,Ellen Le Floch,Pediatrie
990,Afton Dutchburn,Pediatrie
991,Veda Blowfield,Oncologie
992,Robers Ziemens,Cardiologie
993,Rica McClaughlin,Pediatrie
994,Maryjo Mc Faul,Cardiologie
995,Mill Ghion,Neurologie
996,Rivalee Dicky,Oncologie
997,Konstantine Anster,Cardiologie
998,Sande Jansen,Pediatrie
999,Blancha Chrishop,Oncologie
1000,Editha Malim,Oncologie
